Variants,Organism,Uniprot ID,PDB ID,Hydrolytic profile,Embl ID,Genbank ID
AER-1,Aeromonas hydrophila,Q44056,,Carbenicillin,U14748,U14748.1
AST-1,Nocardia asteroids,Q9EZQ7,,Amoxicillin Benzylpenicillin Piperacillin Ticarcillin Cephalothin,AF279904,AF279904.1
AST-1,Nocardia cyriageorgica,H6R1V0,,"Amoxicillin,Benzylpenicillin Piperacillin Ticarcillin Cephalothin",FO082843,FO082843.1
AST-1,Nocardia brasilensis,K0EN23,,Amoxicillin Benzylpenicillin Cephalothin,CP003876,CP003876.1
AST-1,Hyphomicrobium sp.,F8JDV0,,Amoxicillin Benzylpenicillin Piperacillin Ticarcillin Cephalothin,FQ859181,FQ859181.1
BPS,Burkhoderia pseudomallei,Q9AGU2,,Ampicillin Cephalothin Ceftazidime Cefuroxime Cefotaxime,AF326770,AF326770.1
BPS,Burkhoderia pseudomallei,Q932Y0,,Ampicillin Cephalothin Ceftazidime Cefuroxime Cefotaxime,FJ147201,FJ147201.1
BPS,Burkhoderia pseudomallei,Q8RLA1,,Ampicillin Cephalothin Ceftazidime Cefuroxime Cefotaxime,20148751,AAM10778.1
BPS,Burkhoderia pseudomallei,Q8VVD1,,Ampicillin Cephalothin Ceftazidime Cefuroxime Cefotaxime,AF441237,AF441237.1
BPS,Burkhoderia pseudomallei,Q8VVD0,,Ampicillin Cephalothin Ceftazidime Cefuroxime Cefotaxime,AF441238,AF441238.1
BEL-1,Pseudomonas aeruginosa,Q3SAW3,,Clavulanic acid,DQ089809,DQ089809.1
BEL-2,Pseudomonas aeruginosa,D2SSQ3,,Cephalosporin,FJ666063,FJ666063.1
BES-1,Serratia marcescens,Q9L6I3,,Penicillin Cephalothin Cefotaxime Tazobactam,AF234999,AF234999.1
BRO-1,Moraxella catarrhalis,Q59514,,Ampicillin Carbenicillin,U49269,AF326770.1
BRO-1,Holomonas boliviensis,G9E977,,Ampicillin Carbenicillin,JH393257,JH393257.1
BRO-1,Moraxella lacunata,Q75SP8,,Ampicillin Carbenicillin,AB154355,AB154355.1
BRO-1,Moraxella catarrhalis,Q49094,,Ampicillin Carbenicillin,Z54180,Z54180.1
BRO-2,Moraxella catarrhalis(strain RH4),D5V8F9,,Ampicillin Carbenicillin,CP002005,CP002005.1
BRO-2,Moraxella catarrhalis(strain RH4),L0WHK3,,Ampicillin Carbenicillin,AMSO01000008,AMSO01000008.1
BRO-2,Moraxella catarrhalis BC1,F1WVC7,,Ampicillin Carbenicillin,AERH01000031,AERH01000031.1
BRO-2,Moraxella catarrhalis BC8,F1X2P0,,Ampicillin Carbenicillin,AERJ01000003,AERJ01000003.1
BRO-2,Moraxella catarrhalis 7169,F1W650,,Ampicillin Carbenicillin,AERC01000010,AERC01000010.1
BRO-2,Moraxella catarrhalis 103P14B1,F1WBY0,,Ampicillin Carbenicillin,AERE01000009,AERE01000009.1
BRO-2,Moraxella catarrhalis 12P80B1,F1WNG3,,Ampicillin Carbenicillin,AERG01000021,AERG01000021.1
BRO-2,Moraxella catarrhalis BC7,F1X1G3,,Ampicillin Carbenicillin,AERI01000026<,AERI01000026.1
BRO-2,Moraxella catarrhalis 101P30B1,F1VQV3,,Ampicillin Carbenicillin,AEPC01000015,AEPC01000015.1
BRO-2,Moraxella catarrhalis O35E,F1XH04,,Ampicillin Carbenicillin,AERL01000037,AERL01000037.1
BRO-2,Moraxella catarrhalisCO72,F1X825,,Ampicillin Carbenicillin,AERK01000003,AERK01000003.1
BRO-2,Moraxella catarrhalis,Q49095,,Ampicillin Carbenicillin,Z54181,Z54181.1
BRO-2,Moraxella catarrhalisO35E,H8Y101,,Ampicillin Carbenicillin,JF279451,JF279451.1
BIC-1,Pseudomonas fluorescens,D2WFL1,,Penicillins Carbapenems Cephalosporins,,GQ260093.1
CTXM-1,Escherichia coli,P28585,,"Penicillins, first, second and third-generation Cephalosporins",X92506,X92506.1
CTXM-1,Escherichia coli,I6YE46,,cefotaxime and ciprofloxacin,JX206414,JX206414.1
CTXM-1,Escherichia coli,I6ZI70,,"Penicillins, first, second and third-generation Cephalosporins",JX206420,JX206420.1
CTXM-1,Escherichia coli,I6Z191,,"Penicillins, first, second and third-generation Cephalosporins",CP003699,CP003699.1
CTXM-1,Escherichia coli,I6YE63,,"Penicillins, first, second and third-generation Cephalosporins",JX206419,JX206419.1
CTXM-1,Escherichia coli,I6ZM32,,"Penicillins, first, second and third-generation Cephalosporins",JX206428,JX206428.1
CTXM-1,Escherichia coli,I6YPP4,,"Penicillins, first, second and third-generation Cephalosporins",JX206437,JX206437
CTXM-1,Escherichia coli,I6ZI59,,"Penicillins, first, second and third-generation Cephalosporins",JX206415,JX206415.1
CTXM-1,Escherichia coli,I6ZM27,,"Penicillins, first, second and third-generation Cephalosporins",JX206423,JX206423.1
CTXM-1,Escherichia coli,I6ZM40,,"Cefotaxime,Ciprofloxacin",JX206438,JX206438.1
CTXM-1,Escherichia coli,I6Z9G4,,"Penicillins, first, second and third-generation Cephalosporins",JX206416,JX206416.1
CTXM-1,Escherichia coli,I6YE73,,"Penicillins, first, second and third-generation Cephalosporins",JX206429,JX206429.1
CTXM-1,Escherichia coli,I6YPK7,,"Penicillins, first, second and third-generation Cephalosporins",JX206417,JX206417.1
CTXM-1,Escherichia coli,I6ZI96,,"Penicillins, first, second and third-generation Cephalosporins",JX206440,JX206440.1
CTXM-1,Escherichia coli,I6YE83,,"Penicillins, first, second and third-generation Cephalosporins",JX206439,JX206439.1
CTXM-1,Escherichia coli,I6ZI86,,"Penicillins, first, second and third-generation Cephalosporins",CP003699,CP003699.1
CTXM-1,Escherichia coli,I6YPN5,,"Penicillins, first, second and third-generation Cephalosporins",JX206427,JX206427.1
CTXM-1,Escherichia coli,I6Z9I0,,"Penicillins, first, second and third-generation Cephalosporins",JX206426,JX206426.1
CTXM-1,Escherichia coli,I6ZM14,,"Penicillins, first, second and third-generation Cephalosporins",JX206418,JX206418.1
CTXM-1,Escherichia coli,I6YE79,,"Penicillins, first, second and third-generation Cephalosporins",JX206434,JX206434.1
CTXM-1,Escherichia coli,I6ZI82,,"Penicillins, first, second and third-generation Cephalosporins",JX206425,JX206425.1
CTXM-1,Escherichia coli,I6YPN9,,"Penicillins, first, second and third-generation Cephalosporins",JX206432,JX206432.1
CTXM-1,Escherichia coli,I6Z9J1,,"Penicillins, first, second and third-generation Cephalosporins",JX206441,JX206441.1
CTXM-1,Escherichia coli,I6ZM37,,"Penicillins, first, second and third-generation Cephalosporins",JX206433,JX206433.1
CTXM-1,Escherichia coli,I6Z9H7,,"Penicillins, first, second and third-generation Cephalosporins",JX206421,JX206421.1
CTXM-1,Escherichia coli,I6YE68,,"Penicillins, first, second and third-generation Cephalosporins",JX206424,JX206424.1
CTXM-1,Escherichia coli,I6Z9I8,,"Cefotaxime,Ciprofloxacin",JX206436,JX206436.1
CTXM-1,Escherichia coli,I6Z9I3,,"Penicillins, first, second and third-generation Cephalosporins",CP003699,CP003699.1
CTXM-1,Escherichia coli,I6YPM8,,"Penicillins, first, second and third-generation Cephalosporins",JX206422,JX206422.1
CTXM-1,Escherichia coli,D1LFF1,,"Penicillins, first, second and third-generation Cephalosporins",GQ983277,GQ983277.1
CTXM-1,Klebsiella pneumoniae,A8D3A8,,"Penicillins, first, second and third-generation Cephalosporins",EU136031,EU136031.1
CTXM-2,Salmonella typhimurium,P74841,,Cefotaxime,X92507,X92507
CTXM-3,Escherichia coli,Q6BBP7,,Ceftazidime,EU418914,EU418914.1
CTXM-3,Escherichia coli,A3RJI2,,Ceftazidime,EF418608,EF418608.1
CTXM-3,Escherichia coli,A0ESF3,,Ceftazidime,DQ478690,DQ478690.1
CTXM-4,Salmonella typhimurium,O33807,,Cefotaxime,Y14156,Y14156.1
CTXM-5,Salmonella typhimurium,O65975,,Cefotaxime,AJ005044,AJ005044.1
CTXM-5,Salmonella typhimurium,O34177,,Cefotaxime,JX017306,JX017306.1
CTXM-6,Salmonella typhimurium,O65976,,Cefotaxime,AJ005045,AJ005045
CTXM-8,Citrobacter amalonaticus,Q9RMT4,,Cefotaxime,AF189721,AF189721.1
CTXM-9,Escherichia coli,H6UQH9,,Cefotaxime,JN6768431,JN6768431.1
CTXM-9,Escherichia coli,H6UQK0,,Cefotaxime,JN676862,JN676862.1
CTXM-9,Enterobacter Cloacae,C7E9V5,,Cefotaxime,GQ258850,GQ258850
CTXM-9,Escherichia coli,Q9L5C8,,Cefotaxime,AJ416345,AJ416345.1
CTXM-11,Klebsiella pneumoniae,Q9K5K0,,Cefotaxime,AY005110,AY005110.1
CTXM-12,Klebsiella pneumoniae,Q9F5U0,,Cefotaxime,AF305837,AF305837.1
CTXM-12,Klebsiella pneumoniae,Q6ZXB6,3ZNY,Cefotaxime,AJ704396,AJ704396.1
CTXM-13,Klebsiella pneumoniae,Q9L5C6,,Cefotaxime,AF252623,AF252623.1
CTXM-14,Escherichia coli,H6UQI0,,Cefotaxime,JX268676,JX268676.1
CTXM-14,Escherichia coli,Q9L5C7,1YLT,Cefotaxime,FJ405218,FJ405218.1
CTXM-14,Escherichia coli,H6UQK3,,Cefotaxime,JN676865,JN676865.1
CTXM-14,Escherichia coli,A0ESF4,,Cefotaxime,DQ478691,DQ478691.1
CTXM-14,Escherichia coli,A0ESG7,,Cefotaxime,DQ478701,DQ478701.1
CTXM-14,Escherichia coli,H6UQJ0,,Cefotaxime,JN676824,JN676824.1
CTXM-14,Klebsiella oxytoca,I7AKC7,,Cefotaxime,JX268680,JX268680.1
CTXM-14,Klebsiella oxytoca,D2D9A0,,Cefotaxime,FJ494913,FJ494913.1
CTXM-16,Escherichia coli,Q939N4,1YLW,Cefotaxime,AY029068,AY029068
CTXM-19,Klebsiella pneumoniae,Q93F82,,Ceftazidime,AF458080,AF458080
CTXM-23,Escherichia coli,Q8RMW4,,Ceftazidime,AF488377,AF488377
CTXM-24,Escherichia coli,Q4LB53,,Ceftazidime,GQ449685,GQ449685
CTXM-32,Escherichia coli,Q842A4,,Ceftazidime,AJ557142,AJ557142.1
CTXM-42,Escherichia coli,Q4JNX3,,Ceftazidime,DQ061159,DQ061159
CTXM-53,Salmonella enterica,Q2XPY6,,Ceftazidime,DQ268764,DQ268764.1
CTXM-54,Klebsiella pneumoniae,Q2PT38,,Ceftazidime,DQ303459,DQ303459
CTXM-55,Shigella sp.62,H2DLZ1,,Ceftazidime,JN627490,JN627490.1
CTXM-55,Escherichia coli,Q0GA57,,Ceftazidime,GQ456157,GQ456157
CTXM-56,Escherichia coli,A3FFV8,,Ceftazidime,EF374097,EF374097
CTX-M-63,Shigella sonnei,A5LH21,,oxyimino-cephalosporins Ceftazidime Cefotaxime,AB284167,AB284167
CTXM-65,Escherichia coli,B8XLK0,,Cefotaxime,FJ405214,FJ405214.1
CTX-M-67,Escherichia coli,A8DS72,,Imipenem,EF581888,EF581888
CTXM-87,Escherichia coli,B2CR57,,Cefotaxime,EU545409,EU545409
CTXM-97,Escherichia coli,E1ANH6,,Ceftriaxone Ceftazidime,HM776707,HM776707.1
CARB-3,Pseudomonas aeruginosa,P37322,,Carbenicillin,S46063,S46063.1
CARB-4,Pseudomonas aeruginosa,Q51355,,"Carbenicillin,Methicillin,Oxacillin",U14749,U14749.1
CARB-4,Acinetobacter baumannii,C0LZ05,,Carbenicillin,FJ785525,FJ785525.1
CARB-5,Acinetobacter calcoaceticus,Q9JP71,,Carbenicillin,AF135373,AF135373.1
CARB-6,Vibreo cholerae,P81781,,"Ticarcillin,Oxacillin",AF030945,AF030945.1
CARB-8,Acinetobacter nosocomialis,A4KTP8,,Carbenicillin,EF015497,EF015497.1
CARB-8,Stenotrophomonas maltophilia,D0EP60,,Carbenicillin,GQ866976,GQ866976.1
CARB-9,Vibreo cholerae non-O1/non-O139,Q6X9D7,,Carbenicillin,AY248038,AY248038.1
CARB-9,Vibreo cholerae O1 str.87395,M7FJ40,,Carbenicillin,APFL01000101,APFL01000101.1
CEPA,Bacteroides fragilis,E0WMX8,,Cephalosporin,FR688018,FR688018.1
CEPA-14,Bacteroides fragilis,Q57509,,Cephalosporin,U05883,U05883.1
CEPA-29,Bacteroides fragilis,Q45115,,Cephalosporin,U05884,U05884.1
CEPA-44,Bacteroides fragilis,Q45116,,Cephalosporin,U05885,U05885.1
CEPA-49,Bacteroides fragilis,Q45118,,Cephalosporin,U05886,U05886.1
CEPA-85,Bacteroides fragilis,Q57150,,Cephalosporin,U05887,U05887.1
CFXA,Bacteroides vulgatus,P30899,,"Cephalosporin,Penicillin Cefotoxin",U38243,U38243.1
CME-2,Flavobacterium meningosepticum,Q9RAZ8,,Cephalosporin,AF033200,AF033200.1
CME-2,Flavobacterium meningosepticum,A4GRC1,,Cephalosporin,EF394446,EF394446.1
FAR-1,Nocardia farcinica,Q5YXD6,,"Amoxicillin, Benzyl penicillin Piperacillin Ticarcillin",AF024601,AF024601.1
FAR-1,Staphylococcus aureus,Q8GNY5,4ADN 4E4B 4ADO,Fusidic acid,AY373761,AY373761.1
FEC-1,Escherichia coli,Q8G9E9,,Oxyimino-cephalosporins,AB098539,AB098539.1
Ges-2,Pseudomonas aeruginosa,Q93F76,3NI9 3NIA,Imipenem,AF326355,AF326355.1
Ges-3,Klebsiella pneumoniae,Q767E8,,Ceftazidime,AB113580,AB113580.1
Ges-4,Klebsiella pneumoniae,Q764B7,,Cephamycin,AB116723,AB116723.1
Ges-5,Uncultured Bacterium,H2E8M0,,Carbapenem,JN849689,JN849689.1
Ges-18,Pseudomonas aeruginosa,H2ERK4,3V3S,Carbapenem,JQ028729,JQ028729.1
IMI-1,Enterobacter cloacae,Q46991,,Carbapenem,U50278,U50278.1
IMI-2,Enterobacter asburiae,Q3S3B7,,Carbapenem,DQ173429,DQ173429.1
IMI-2,Escherichia coli,G9HXF8,,Clavulanic-acid,JN412066,JN412066.1
IMI-4,Enterobacter cloacae,,,Carbapenem,,AHE78014
PC-1,Klebsiella pneumoniae,Q9F663,2OV5 3E2K,Carbapenems Penicillins Cephalosporins Monobactams,AF297554,AF297554.1
PC-1,Klebsiella pneumoniae,M5SGU8,,Carbapenems,ANGI02000157,ANGI02000157.1
PC-1,Klebsiella pneumoniae,U7BVQ7,,Carbapenems,AXLI01000004,AXLI01000004.1
PC-1,Klebsiella pneumoniae,U7A522,,Carbapenems,AXLE01000003,AXLE01000003.1
PC-1,Klebsiella pneumoniae,U7ALW4,,Carbapenems,AXLF01000003,AXLF01000003.1
PC-1,Klebsiella pneumoniae,U7AG59,,Carbapenems,AXLF01000003,AXLF01000003.1
PC-1,Klebsiella pneumoniae,U7AJC0,,Carbapenems,AXLF01000003,AXLF01000003.1
PC-1,Enterobacter Sp.,U7CHK4,,Carbapenems,AXLK01000004,AXLK01000004.1
PC-1,Klebsiella pneumoniae,U7B550,,Carbapenems,AXLG01000004,AXLG01000004.1
PC-1,Klebsiella pneumoniae,U7BYA0,,Carbapenems,AXLJ01000004,AXLJ01000004.1
PC-1,Escherichia coli,U7BZN6,,Carbapenems,AXLH01000002,AXLH01000002.1
PC-1,Mycobacterium abscessus,I6YHT9,,Carbapenems,CP003699,CP003699.1
KPC-2,Klebsiella oxytoca,Q848S6,,Carbapenems Penicillins Cephalosporins Aztreonam,AY210886,AY210886.1
KPC-2,Klebsiella pneumoniae,Q93LQ9,,Carbapenems,JX430448,JX430448.1
KPC-2,Escherichia coli,A8DS27,3C5A 3DW0,Carbapenems,JQ867396,JQ867396.1
KPC-2,Citrobacter freundii,A0N0D2,,Carbapenems,EF062508,EF062508.1
KPC-2,Enterobacter Cloacae,A8DS31,,Carbapenems,JN048640,JN048640.1
KPC-2,Klebsiella oxytoca,F8SM50,,Carbapenems,HQ651092,HQ651092.1
KPC-2,Enterobacter aerogenes,G3F1P4,,Carbapenems,JF434018,JF434018.1
KPC-2,Pseudomonas aeruginosa,B0YZK5,,Carbapenems,EU176013,EU176013.1
KPC-2,Klebsiella pneumoniae,R9BGM5,,Carbapenems,AQQA01000132,AQQA01000132.1
KPC-2,Klebsiella pneumoniae,G8XCA1,,Carbapenems,CP003224,CP003224.1
KPC-2,Klebsiella pneumoniae,S2GKE7,,Carbapenems,ARVM01000006,ARVM01000006.1
KPC-2,Klebsiella pneumoniae,S2GL97,,Carbapenems,ARVP01000148,ARVP01000148.1
KPC-2,Klebsiella pneumoniae,S2E2S7,,Carbapenems,ALWO02000023,ALWO02000023.1
KPC-2,Klebsiella pneumoniae,S7IH87,,Carbapenems,ARSQ01000087,ARSQ01000087.1
KPC-2,Klebsiella pneumoniae,S7FF43,,Carbapenems,ARSN01000117,ARSN01000117.1
KPC-2,Klebsiella pneumoniae,S6ZZC4,,Carbapenems,ARSA01000063,ARSA01000063.1
KPC-2,Klebsiella pneumoniae,S7HI25,,Carbapenems,ARSP01000198,ARSP01000198.1
KPC-2,Klebsiella pneumoniae,S6ZM94,,Carbapenems,ARRZ01000061,ARRZ01000061.1
KPC-2,Klebsiella pneumoniae,S7BQA3,,Carbapenems,ARSD01000003,ARSD01000003.1
KPC-2,Klebsiella pneumoniae,S7G1V2,,Carbapenems,ARSO01000220,ARSO01000220.1
KPC-2,Klebsiella pneumoniae,S7BS83,,Carbapenems,ARSF01000138,ARSF01000138.1
KPC-2,Klebsiella pneumoniae,S7DI10,,Carbapenems,ARSI01000101,ARSI01000101.1
KPC-2,Klebsiella pneumoniae,S7DXL0,,Carbapenems,ARSJ01000057,ARSJ01000057.1
KPC-2,Klebsiella pneumoniae,S7C8T5,,Carbapenems,ARSC01000075,ARSC01000075.1
KPC-2,Klebsiella pneumoniae,S6XMH3,,Carbapenems,ARRV01000080,ARRV01000080
KPC-2,Klebsiella pneumoniae,S6XMH3,,Carbapenems,ARRV01000080,ARRV01000080.1
KPC-2,Klebsiella pneumoniae,S6XB01,,Carbapenems,ARRU01000101,ARRU01000101.1
KPC-2,Klebsiella pneumoniae,G3F1P4,,Carbapenems,KJ210592,KJ210592.1
KPC-2,Klebsiella pneumoniae,N9UE70,,Carbapenems,AMWO01000440,AMWO01000440.1
KPC-2,Klebsiella pneumoniae,M7QP12,,Carbapenems,AOGQ01000049,AOGQ01000049.1
KPC-2,Klebsiella pneumoniae,S7ZK32,,Carbapenems,ATEZ01000138,ATEZ01000138.1
KPC-2,Klebsiella pneumoniae,S8A395,,Carbapenems,ATAK01000080,ATAK01000080.1
KPC-3,Klebsiella pneumoniae,Q93DC4,,Carbapenems,JN255861,JN255861.1
KPC-3,Klebsiella pneumoniae,J2TA44,,Carbapenems,AKAI01000041,AKAI01000041.1
KPC-3,Escherichia coli,A7WP95,,Carbapenems,AM774409,AM774409.1
KPC-3,Klebsiella pneumoniae,J1TQ14,,Carbapenems,AJZV01000038,AJZV01000038.1
KPC-3,Klebsiella pneumoniae,J2GXG7,,Carbapenems,AKAG01000041,AKAG01000041.1
KPC-3,Klebsiella pneumoniae,J2IGL6,,Carbapenems,AKAJ01000049,AKAJ01000049.1
KPC-3,Klebsiella pneumoniae,J2FKI1,,Carbapenems,AKAE01000044,AKAE01000044.1
KPC-3,Klebsiella pneumoniae,J2N1N2,,Carbapenems,AJZY01000047,AJZY01000047.1
KPC-3,Klebsiella pneumoniae,J2PHE6,,Carbapenems,AKAB01000033,AKAB01000033.1
KPC-3,Klebsiella pneumoniae,J2G9V7,,Carbapenems,AKAF01000043,AKAF01000043.1
KPC-3,Klebsiella pneumoniae,J2PPF6,,Carbapenems,AKAA01000039,AKAA01000039.1
KPC-3,Klebsiella pneumoniae,J1UL34,,Carbapenems,AJZX01000055,AJZX01000055.1
KPC-3,Klebsiella pneumoniae,J2Q8Q8,,Carbapenems,AKAC01000039,AKAC01000039.1
KPC-3,Klebsiella pneumoniae,J1YZF2,,Carbapenems,AKAH01000035,AKAH01000035.1
KPC-3,Klebsiella pneumoniae,J2BPG7,,Carbapenems,AKAL01000053,AKAL01000053.1
KPC-3,Klebsiella pneumoniae,J2TT42,,Carbapenems,AKAK01000039,AKAK01000039.1
KPC-3,Klebsiella pneumoniae,J2NDY2,,Carbapenems,AJZZ01000040,AJZZ01000040.1
KPC-3,Klebsiella pneumoniae,J2FHF9,,Carbapenems,AKAD01000042,AKAD01000042.1
KPC-3,Klebsiella pneumoniae,J2LPP0,,Carbapenems,AJZW01000047,AJZW01000047.1
KPC-3,Klebsiella pneumoniae,J2BP68,,Carbapenems,AKAM01000051,397441641
KPC-3,Klebsiella pneumoniae,S2IJ69,,Carbapenems,ARPP01000157,510352960
KPC-3,Klebsiella pneumoniae,S2H154,,Carbapenems,ARPO01000139,510343083
KPC-3,Klebsiella pneumoniae,S1TLI7,,Carbapenems,AQQD01000200,509565239
KPC-3,Klebsiella pneumoniae,S2ID45,,Carbapenems,ARPQ01000161,510358669
KPC-3,Klebsiella pneumoniae,S2GJ31,,Carbapenems,ARVO01000056,ARVO01000056.1
KPC-3,Klebsiella pneumoniae,S7ABL2,,Carbapenems,ARRY01000105,ARRY01000105.1
KPC-3,Klebsiella pneumoniae,S7EXG3,,Carbapenems,ARSL01000030,ARSL01000030.1
KPC-3,Klebsiella pneumoniae,S7CUQ8,,Carbapenems,ARSH01000109,ARSH01000109.1
KPC-3,Klebsiella pneumoniae,S7CEB2,,Carbapenems,ARSG01000179,ARSG01000179.1
KPC-3,Klebsiella pneumoniae,S7G256,,Carbapenems,ARSK01000149,ARSK01000149.1
KPC-3,Klebsiella pneumoniae,S7DWJ1,,Carbapenems,ARSE01000005,ARSE01000005.1
KPC-3,Klebsiella pneumoniae,S7ACB2,,Carbapenems,ARRX01000031,ARRX01000031.1
KPC-3,Klebsiella pneumoniae,K4NUK1,,Carbapenems,JX524191,JX524191.1
KPC-3,Klebsiella pneumoniae,S6Y2C4,,Carbapenems,ARRW01000156,ARRW01000156.1
KPC-4,Klebsiella pneumoniae,B1PL86,,Carbapenems,JX193301,JX193301.1
KPC-7,Klebsiella pneumoniae,B3GS81,,Carbapenems,EU729727,EU729727.1
KPC-12,Klebsiella pneumoniae,E3VVM7,,Carbapenems,HQ258934,HQ258934.1
KPC-13,Enterobacter Cloacae,F2X6V8,,Carbapenems,HQ342889,HQ342889.1
KPC-14,Klebsiella pneumoniae,Q7BGE9,,Cefotaxime,GU211011,GU211011.1
KPC-14,Klebsiella pneumoniae,K4NUK1,,Carbapenems,JX524191,JX524191.1
KPC-15,Klebsiella pneumoniae,M1NGU8,,Carbapenems,KC433553,KC433553.1
KPC-16,Klebsiella pneumoniae,M9T8M5,,Carbapenems,KC465199,KC465199.1
KPC-17,Klebsiella pneumoniae,M9T6C6,,Carbapenems,KC465200,KC465200.1
NMC,Enterobacter cloacae,P52663,1BUE  1BUL,Imipenem,Z21956,Z21956.1
NMC,Enterobacter cloacae,Q7ATJ4,,Imipenem,AJ536087,AJ536087.1
OXY-1a,Klebsiella oxytoca,P22391,3BYD,Cephalosporins,Z30177,Z30177.1
OXY-2a,Klebsiella oxytoca,P23954,,Cephalosporins,Z49084,Z49084.1
OXY-2b,Klebsiella oxytoca,Q6W8V8,,Ceftazidime,AY077484,AY077484.1
OXY-2,Klebsiella oxytoca,E0WC49,,Cefotaxime Ceftazidime,FJ785625,FJ785625.1
OXY-2,Klebsiella oxytoca,E0WC50,,Cefotaxime Ceftazidime,FJ785626,FJ785626.1
PENA,Burkholderia pseudomallei,Q79SS5,,"Ceftazidime, Clavulanic acid",AY032868,AY032868.1
PENA,Burkholderia pseudomallei,H9CTS3,,Ceftazidime,JQ364929,379134692
PENA,Burkholderia mallei,H9CTS7,,Ceftazidime,JQ364934,379134706
PENA,Burkholderia mallei,H9CTS4,,Ceftazidime,JQ364931,379134698
PENA,Burkholderia pseudomallei,Q934l2,,"Ceftazidime,Clavulanic acid",AJ289103,16605597
PENA,Burkholderia mallei,C3TTN7,,"Ceftazidime,Amoxicillin",FJ147203,223469166
PER-1,Acinetobacter baumannii,A5HKJ8,,Ceftazidime,GU944725,GU944725.1
PER-1,Acinetobacter baumannii,Q19RL9,,Carbapenems,DQ489438,DQ489438.1
PER-1,Salmonella infantis,M4PVY9,,Carbapenems,KC707565,KC707565.1
PER-1,Acinetobacter baumannii,Q2LA82,,Carbapenems,DQ341275,DQ341275.1
PER-1,Acinetobacter baumannii,Q19RM0,,Carbapenems,DQ489437,DQ489437.1
PER-1,Acinetobacter baumannii,Q19RM1,,Carbapenems,DQ489436,DQ489436.1
PER-1,Acinetobacter baumannii,E5KCK4,,Carbapenems,HQ018643,HQ018643.1
PER-1,Acinetobacter baumannii,A7U8M8,,Carbapenems,EU022369,EU022369.1
PER-1,Acinetobacter baumannii,E8P8S8,,Carbapenems,CP001921,CP001921.1
PER-1,Pseudomonas aeruginosa,Q58GF5,,Carbapenems,AY953376,AY953376.1
PER-5,Acinetobacter baumannii,B2ZTR1,,Carbapenems,EU687473,EU687473.1
PER-7,Acinetobacter baumannii,F8T7L4,,"Cephalosporins,Ceftazidime",JQ639792,JQ639792.1
PER-8,Pseudomonas aeruginosa,H6WJJ4,,"Cephalosporins,Ceftazidime",JQ247994,JQ247994.1
ROB-1,Haemophilus influenzae,D5IET9,,Cefaclor,HM470204,HM470204.1
RTG-4,Acinetobacter baumannii,B9UN52,,Cefepime Cefpirome Ceftazidime,EU850412,EU850412.1
SME-1,Serratia marcescens,P52682,,Imipenem,Z30237,Z30237.1
SME-2,Serratia marcescens,Q9F7U6,,Carbapenem,KC352682,KC352682.1
SME-2,Serratia marcescens,Q54488,1DY6,Carbapenem,KF481967,KF481967.1
SME-3,Serratia marcescens,Q6PRG8,,Carbapenem,AY584237,AY584237.1
SME-5,Serratia marcescens,X4Z2B6,,Carbapenem,KJ188748,KJ188748.1
SCO-1,Acinetobacter baumannii,A5Y0S3,,Carbenicillin,EF063111,EF063111.1
SCO-1,Alcaligenes faecalis,J0UWA2,,Carbenicillin,AKMR01000001,AKMR01000001.1
SCO-1,Escherichia coli,A1E3K9,,Carbenicillin,GU256641,GU256641.1
SCO-1,Salmonella enterica,B0RZ85,,Carbenicillin,AM939420,AM939420.1
SCO-1,Alcaligenes sp. HPC1271,M5J3D2,,Carbenicillin,AMXV01000009,AMXV01000009.1
SFC-1,Serratia fonticola,Q6JP75,4EQI 4EUZ 4EV4,Carbapenem,AY354402,AY354402.1
SHV -1,Klebsiella pneumoniae,P0AD64,,Ceftazidime,AF124984,AF124984.1
SHV -2,Klebsiella pneumoniae,P0A9Z8,,Cefotaxime Ceftazidime,X98102,X98102.1
SHV -2,Escherichia coli,P0A9Z7,,Cefotaxime Ceftazidime,AF148851,AF148851.1
SHV -2,Klebsiella pneumoniae,P0A9Z9,,Cefotaxime Ceftazidime,X53433,X53433.1
SHV -2,Salmonella typhimurium,P0AA00,,Cefotaxime Ceftazidime,L47119,L47119.1
SHV-3,Klebsiella pneumoniae,P30896,1N9B,Cefotaxime Ceftazidime,,
SHV-4,Klebsiella pneumoniae,P37323,,Cefotaxime Ceftazidime Aztreonam,,
SHV-5,Klebsiella pneumoniae,P0A3M1,,Cefotaxime Ceftazidime Aztreonam,X55640,X55640.1
SHV-5,Pseudomonas aeruginosa,P0A3M2,,Cefotaxime Ceftazidime Aztreonam,AF096930,AF096930.1
SHV-6,Klebsiella pneumoniae ,P96348,,Cefotaxime Ceftazidime,9910659,9910659.1
SHV-7,Escherichia coli,Q46759,,Cefotaxime,U20270,U20270.1
SHV-8,Escherichia coli,O08337,,Cefotaxime Ceftazidime,U92041,U92041.1
SHV-13,Klebsiella pneumoniae,Q9S424,,Ceftazidime Cefotaxime Aztreonam Piperacillin,AF164577,AF164577.1
SHV-24,Escherichia coli,Q9S169,,Ceftazidime,6009582,6009582.1
SHV-27,Klebsiella pneumoniae,Q9FD24,,Cefotaxime,FJ685656,FJ685656.1
SHV-34,Escherichia coli,Q93LM8,,Ceftazidime Cefotaxime,AY036620,AY036620.1
SHV-45,Klebsiella pneumoniae,G0Z396,,Cefotaxime,HQ877611,HQ877611.1
SHV -46,Klebsiella oxytoca,Q848S4,,Carbapenem,AY210887,AY210887.1
SHV-57,Escherichia coli,Q846Q1,,Ceftazidime,AY223863,AY223863.1
SHV-72,Escherichia coli,A0ZX81,,Clavulanic acid,AM176547,AM176547.1
SHV-110,Klebsiella pneumoniae,A9ZTC6,,Ampicillin,AB374988,AB374988.1
TOHO-1,Escherichia coli,Q47066,1BZA 1IYO 1IYP 1IYQ 1IYS 1WE4 2WYX 2XQZ2XR0 2ZQ7 2ZQ8 2ZQ92ZQA 4BD1 2ZQD 4BD0 2ZQC,Cefotaxime,D37830,D37830.1
TOHO-2,Escherichia coli,O69395,,Penicillin G Carbenicillin Cephaloridine Cefoxitin Cefotaxime Ceftazidime Cephalothin Cephaloridine Cefotaxime Ceftizoxime,D89862,D89862.1
TEM,Escherichia coli,P62593,1AXB 1BT5 1BTL 1CK31ERM 1ERO 1ERQ 1ESU1FQG 1JTG 1JVJ 1JWP1JTD 1JWV 1JWZ 1LHY1LI0 1LI9 1M40 1NXY1NY0 1NYM 1NYY 1PZO 1PZP 1S0W 1TEM 1XPB1XXM 1YT4 1ZG4 1ZG62B5R 2V1Z 2V20 3C7U3C7V 3CMZ 3DTM 3JYI3TOI 4DXB 4DXC 4GKU4IBR 4IBX,"Penicillins Cephalosporins,Cefotaxime,Ceftazidime",X65253,X65253.1
TEM,Salmonella typhimurium,Q8F2L9,,Penicillins Cephalosporins,,
TEM,Salmonella derby,K4K1V6,,Penicillins Cephalosporins,JX566770,JX566770.1
TEM,Escherichia coli,B8XLK1,,Penicillins Cephalosporins,FJ405215,FJ405215.1
TEM,Heamophilus influenzae,A7Z0C2,,Penicillins Cephalosporins,CP000057,CP000057.1
TEM,Salmonella typhimurium,Q6ZYM6,,"Tetracycline,Ampicillin ",AJ634602,AJ634602.1
TEM,Escherichia coli,D2I9F5,,Bleomycin,GQ149347,GQ149347
TEM,Escherichia coli,D2I9F6,,Kanamycin,GQ149347,GQ149347.1
TEM,Escherichia coli,Q6W7J4,,Amoxicillin-Clavulanate,JX129211,JX129211.1
TEM,Escherichia coli,P78144,,Clavulanic acid,X95401,X95401.1
TEM-1,Serratia marcescens,Q7DHD3,,Aminoglycosides,JX268606,JX268606
TEM-1,Enterobacter sp.EN222,A2T9C4,,NA`,EF035617,EF035617
TEM-2,Escherichia coli,Q9R2G5,,Carbenicillin Ticarcillin,,546975.1
TEM-10,Morganella morganii,Q9ZFV9,,Ceftazidime,AF093512,AF093512.1
TEM-10,Klebsiella oxytoca,Q48388,,Ceftazidime,U09188,U09188.1
TEM-10,Escherichia coli,S5RFD5,,Ceftazidime,KC859395,KC859395.1
TEM-11,Proteus mirabilis,Q5FYS2,,Ceftazidime,AY874537,AY874537.1
TEM-12,Klebsiella oxytoca,Q48406,,Ceftazidime,M88143,M88143.1
TEM-19,Acinetobacter baumannii,I6VD99,,Sulbactam,JX042489,JX042489.1
TEM-22,Klebsiella pneumoniae,Q9R746,,"Azreonam,Cephalosporins",Y17583,Y17583.1
TEM-40,Escherichia coli,K4Q514,,"Amoxicillin,Clavulanic acid",FR717535,FR717535.1
TEM-43,Klebsiella pneumoniae,O34176,,Ceftazidime,U95363,U95363.1
TEM-47,Klebsiella pneumoniae,Q9R771,,Ceftazidime,Y10279,Y10279.1
TEM-48,Klebsiella pneumoniae,O53043,,Ceftazidime,Y10280,Y10280.1
TEM-49,Escherichia coli,Q9R770,,Ceftazidime,Y10281,Y10281.1
TEM-57,Escherichia coli,B8XLJ7,,"Ceftazidime, Aztreonam",FJ405211,FJ405211.1
TEM-60,Providencia stuartii,O68473,,"Ceftazidime, Aztreonam",AF047171,AF047171.1
TEM-76,Escherichia coli,Q9RMS2,,"Amoxicillin,Clavulanate",AF190694,AF190694.1
TEM-91,Escherichia coli,Q9FAA2,,Ceftazidime,AJ318093,AJ318093.1
TEM-95,Escherichia coli,Q937J3,,Ampicillin,15485219,15485219.1
TEM-121,Enterobacter aerogenes,Q6W7F6,,"Ceftazidime ,Aztreonam",AY307374,AY307374.1
TEM-121,Escherichia coli,Q6WSQ7,,"Ceftazidime,Aztreonam",AY271267,AY271267.1
TEM-128,Escherichia coli,Q6UK84,,Ampicillin,AY368237,AY368237.1
TEM-129,Klebsiella oxytoca,Q6KB04,,Ampicillin,AJ746225,AJ746225.1
TEM-149,Enterobacter aerogenes,Q1KY81,,Ceftazidime,DQ369751,DQ369751.1
TEM-158,Escherichia coli,A5HJU3,,Ceftazidime,EF534736,EF534736.1
TEM-163,Escherichia coli,B5A5T0,,Amoxicillin-clavulanate,EU815939,EU815939.1
ACC-1a3,Hafnia alvei,Q9K351,,Cephalosporin,AF180953,AF180953.1
ACC-1c,Hafnia alvei,Q9KJD2,,Cephalosporin,AF180959,AF180959.1
ACC-1b,Hafnia alvei,Q9KJD4,,Cephalosporin,AF180955,AF180955.1
ACC-1d,Hafnia alvei,Q9KJD1,,Cephalosporin,AF180961,AF180961.1
ACC-1a4,Salmonella enterica subsp.,B2ZF40,,Cephalosporin,AF180426,AF097923.1
ACC-1,Klebsiella pneumoniae,A5JPL5,,Cephalosporin,EF554600,EF554600.1
ACC-1,Klebsiella pneumoniae,Q9XB24,,Cephalosporin,AJ270942,AJ133121.1
ACC-2,Hafnia alvei,Q9KJD5,,Cephalosporin,AF180952,L14921.1
ACC-3,Hafnia alvei,Q9K373,,Cephalosporin,AF180958,AF180958.1
ACC-3a,Hafnia alvei,Q9KJD3,,Cephalosporin,AF180956,AF180956.1
ACC-4,Escherichia coli,A4ZYU9,,Cephalosporin,GU256641,NC_014843.1
ACT-1,Klebsiella pneumoniae,Q48428,2ZC7,Imipenem,U58495,U58495.2
ACT-23,Enterobacter cloacae,T1WNN5,,Cefoxitin,KF515536,KF515536.1
CMY-2,Proteus mirabilis,B6VP13,,Cephamycin,AB525078,AB525078.1
CMY-2,Salmonella typhimurium,Q6PT92,,Ceftriaxone,AY581205,AY581205
CMY-2,Klebsiella pneumoniae,Q48434,1ZC2,Cephamycin,Y16784,Y16784.1
CMY-2,Escherichia coli,Q53TY8,,Cephalosporin,JF300163,JF300163.1
CMY-2,Salmonella typhimurium,B2DD31,,Cefazolin,AB365867,AB365867.1
CMY-2,Salmonella enterica subsp.,Q4JDC3,,Ceftriaxone,AY899927,AY899927.1
CMY-2,Salmonella derby,Q4JDC7,,Ceftriaxone,AY899925,AY899925.1
CMY-2,Salmonella senftenberg,Q4JDC9,,Ceftriaxone,AY899924,AY899924.1
CMY-2,Escherichia coli,C4NUY1,,Cephalosporin,FJ621586,FJ621586.1
CMY-2,Salmonella typhi,K9L7Q7,,Ceftriaxone,JN714983,JN714983.1
CMY-2,Salmonella newport,Q3S5C5,,Ceftriaxone,DQ164214,DQ164214.1
CMY-4,Escherichia coli,Q7BB82,,Carbapenem,AF420597,AF420597.1
CMY-9,Escherichia coli,Q9FAA1,,Cephalosporin,AB061794,AB061794.1
CMY-10,Escherichia coli,Q7BCY0,,Ceftazidime,AF381617,AF381617.1
CMY-12,Proteus mirabilis,O54038,,Cephalosporinase,Y16785,Y16785.1
CMY-14,Proteus mirabilis,Q70Q38,,Cephalosporin,AJ555825,AJ555825.1
CMY-15,Proteus mirabilis,Q70Q39,,Cephalosporin,AJ555823,AJ555823.1
CMY-19,Klebsiella pneumoniae,Q33DY3,,Cefepime,AB194410,AB194410.1
CMY-30,Escherichia coli,A7L8D9,,Cephalosporin,EF685372,EF685372.1
CMY-31,Salmonella newport,B0FJW9,,Cephalosporin,EU331425,164470420
CMY-31,Klebsiella pneumoniae,A6N8I3,,Cephalosporin,EF622224,EF622224.1
CMY-32,Escherichia coli,B1PVT1,,Cephalosporin,EU496815,EU496815.1
CMY-36,Klebsiella pneumoniae,Q48435,,Cephalosporin,EU331426,EU331426.1
CMY-37,Citrobacter freundii,A0A9R8,,"Cefepime,Cefpirome",AB280919,AB280919.1
CMY-41,Citrobacter freundii,B1Q4R9,,Ampicillin,AB429270,AB429270.1
CMY-49,Citrobacter freundii,C8CHH7,,Carbapenem,GQ402541,GQ402541
CMY-65,Citrobacter freundii,A3RLA9,,Carbapenem,EF426097,EF426097.1
FOX-2,Escherichia coli,O52988,,Cephamycins,Y10282,Y10282.1
FOX-2,Aeromonas caviae,K9N0B7,,Cephamycins,JX849668,JX849668.1
LAT-1,Klebsiella pneumoniae,Q48443,,Cefoxitin,X78117,X78117.1
LAT-2,Klebsiella pneumoniae,Q48435,,Cefoxitin,S83226,X97039.1
LAT-3,Escherichia coli,O32579,,Cefoxitin,U41614,Y15411.1
LAT-4,Escherichia coli,O32580,,Cefoxitin,Y15412,Y15412.1
MIR-1,Klebsiella pneumoniae,Q9X757,,Oxy imino- and alpha-methoxy beta-lactams,M37839,M37839.2
SRT-1,Serratia marcescens,O24823,,Cefotaxime,AB008454,AB008454.1
SRT-2,Serratia marcescens,Q6QVC3,,Cefotaxime,AY524276,AY524276.3
OXA-3,Pseudomonas aeruginosa,Q51429,,Oxacillin,L07945,L07945.1
OXA-18,Pseudomonas aeruginosa,O07293,,Clavulanic acid,U85514,U85514.1
OXA-23,Acinetobacter baumannii,G5ELK2,,Carbapenem,356874301,AB636086.1
OXA-24,Acinetobacter baumannii,I1ZAJ5,,Carbapenem,386685588,JQ409996.1
OXA-25,Acinetobacter baumannii,Q9F0V3,,Carbapenem,AF201826,AF201826.1
OXA-26,Acinetobacter baumannii,Q9F0V2,,Carbapenem,AF201827,AF201827.1
OXA-27,Acinetobacter baumannii,Q9F0V1,,Carbapenem,AF201828,AF201828.2
OXA-30,Escherichia coli,Q83ZU9,,Cefepime,EU418922,EU418922.1
OXA-48,Klebsiella pneumoniae,Q6XEC0,,Carbapenem,504872889,WP_015059991.1
OXA-48,Escherichia coli,H8WR42,,Carbapenem,379131239,HE617182.1
OXA-48,Shewanella xiamenensis,K7S6Y5,,Carbapenem,529273303,KC902850.1
OXA-48,Klebsiella pneumoniae,G9I575,,Carbapenem,359719504,JN571569.1
OXA-51,Acinetobacter baumannii,Q5QT35,,Carbapenem,DQ385606,DQ385606.1
OXA-58,Acinetobacter baumannii,Q2TR58,,Carbapenem,HQ219687,HQ219687.1
OXA-58,Acinetobacter genomosp.3,B2ZCT7,,Carbapenem,GU911349,GU911349.1
OXA-58,Acinetobacter nosocomialis,D3JXP9,,Carbapenem,GU327621,GU327621.1
OXA-58,Acinetobacter nosocomialis,G3BLK5,,Carbapenem,GU064933,GU064933.1
OXA-60,Ralstonia pickettii,Q6EZ46,,Imipenem,50236429,AY662675.1
OXA-69,Acinetobacter baumannii,B0VCA2,,Carbapenem,CU459141,CU459141.1
OXA-72,Acinetobacter baumannii,Q5XQU0,,Carbapenem,JX069966,JX069966.1
OXA-98,Acinetobacter baumannii,A9LS11,,Carbapenem,160623382,EU255288.1
OXA-116,Acinetobacter baumannii,A8WCG6,,Carbapenem,159159999,EU220744.1
OXA-117,Acinetobacter baumannii,A8WCG7,,Carbapenem,159160001,ABW95048.1
OXA-117,Acinetobacter baumannii,C8CMH8,,Carbapenem,487984875,
OXA-145,Pseudomonas aeruginosa,C0LZL5,,Penicillins,FJ790516,FJ790516.1
OXA-160,Acinetobacter baumannii,D2XKK9,,Carbapenem,283767164,GU199038.2
OXA-175,Acinetobacter baumannii,D7RPE9,,Carbapenem,298113026,HM113561.1
OXA-176,Acinetobacter baumannii,D7RPF0,,Carbapenem,298113028,HM113562.1
Blab,Proteus vulgaris,P52664,,Cephalosporins Cefuroxime Cefotaxime,D37831,D37831.1
Blab,Sediment metagenome,D9PF38,,Carbapenem,ADZX01000009,ADZX01000009.1
Blab-1,Flavobacterium meningosepticum,O08498,,Penicillins Cephalosporins Carbapenem 6-beta-iodopenicillanate,X96858,X96858.1
Blab-2,Flavobacterium meningosepticum,Q9RB01,,Penicillins Cephalosporins Carbapenems 6-beta-iodopenicillanate,AF126542,AF126542.1
Blab-3,Flavobacterium meningosepticum,Q9K303,,Penicillins Cephalosporins Carbapenems 6-beta-iodopenicillanate,AF189301,AF189301
Blab-4,Flavobacterium meningosepticum,Q9XBN7,,Penicillins Cephalosporins Carbapenems 6-beta-iodopenicillanate,AF162284,AF162284.1
Blab-5,Flavobacterium meningosepticum,Q9KJA9,,Penicillins Cephalosporins Carbapenems 6-beta-iodopenicillanate,AF189303,AF189303.1
Blab-6,Flavobacterium meningosepticum,Q9KJB0,,Penicillins Cephalosporins Carbapenems 6-beta-iodopenicillanate,AF189302,AF189302.1
Blab-7,Flavobacterium meningosepticum,Q9KJA8,,Penicillins Cephalosporins Carbapenems 6-beta-iodopenicillanate,AF189304,AF189304.1
Blab-14,Elizabethkingia meningoseptica,H2DQF8,,Carbapenem,,
CcrA,Bacteroides fragilis,P25910,"1A7T, 1A8T, 1HLK, 1KR3, 1ZNB, 2BMI 2ZNB 4ZNB, 3ZNB","Imipenem,Cefoxitin",M63556,M63556.1
CGB-1,Chryseobacterium gleum,Q8VT48,,Carbapenem,EF672680,EF672680.1
IMP-1,Pseudomonas aeruginosa,Q79MP6,4F6Z 1JJE 1JJT 4F6H 1DDK,Carbapenem,AY625688,AY625688.1
IMP-1,Serratia marcescens,P52699,1DD6 1VGN 1WUO 1WUP 2DOO,Imipenem,S71932,S71932.1
IMP-4,Acinetobacter baumannii,Q9F6Z8,,Carbapenems,AY590475,AY590475.1
IMP-4,Klebsiella pneumoniae,Q4LDF1,,Carbapenems,JX457479,EF127959.1
IMP-4,Escherichia coli,F7J5X0,,Carbapenems,AB636651,AB636651.1
IMP-6,Pseudomonas aeruginosa,Q689Z3,,Meropenem,EU117233,EU117233.1
IMP-31,Pseudomonas aeruginosa,S5WLJ9,,"Piperacillin,Ceftazidime,Cefepime,",KF148593,KF148593.1
IMP-31,,,,Aztreonam Carbapenem,,
IMP-43,Pseudomonas aeruginosa,M4ZRQ3,, Carbapenem ,AB777500,AB777500.1
IMP-44,Pseudomonas aeruginosa,M4ZQE9,, Carbapenem,AB777501,AB777501.1
IND-1,Chryseobacterium indologenes,A4GRB2,3L6N,Carbapenem,EF394437,EF394437.1
IND-1,Chryseobacterium indologenes,A4GRB1,,Carbapenem,EF394436,EF394436.1
IND-2,Chryseobacterium indologenes,Q9ETN2,,Carbapenem,EF672681,EF672681.1
IND-2,Chryseobacterium indologenes,A4GRB4,,Carbapenem,EF394439,EF394439.1
IND-2,Chryseobacterium indologenes,A4GRB3,,Carbapenem,EF394438,EF394438.1
IND-2,Chryseobacterium indologenes,Q9F923,,Carbapenem,AF219128,AF219128.1
IND-3,Chryseobacterium indologenes,Q9EU43,,Carbapenem,AF219133,AF219133.2
IND-4,Chryseobacterium indologenes,Q9F921,,Carbapenem,AF219135,AF219135.2
IND-6,Chryseobacterium indologenes,Q08I33,,Carbapenem,AM087455,AM087455.1
IND-7,Chryseobacterium indologenes,D2K7N8,,Carbapenem,GU186043,GU186043.1
IND-8,Chryseobacterium indologenes,D2K7N9,,Carbapenem,GU186044,GU186044.1
IND-9,Chryseobacterium indologenes,D2K7P0,,Carbapenem,GU186045,GU186045.1
IND-10,Chryseobacterium indologenes,D2KCJ9,,Carbapenem,GU206353,GU206353.1
IND-11,Chryseobacterium indologenes,E0A2V6,,Carbapenem,HM245379,HM245379.1
IND-12,Chryseobacterium indologenes,E0A2V7,,Carbapenem,HM245380,HM245380.1
IND-13,Chryseobacterium indologenes,Q9F922,,Carbapenem,HM245381,HM245381.1
IND-14,Chryseobacterium indologenes,E2GLP7,,Carbapenem,HM367709,HM367709.1
IND-15,Chryseobacterium indologenes,D9N4D1,,Carbapenem,AB563173,AB563173.1
JOHN-1,Flavobacterium johnsoniae,Q8RMB8,,Carbapenem,AY028464,AY028464.1
NDM-1,Escherichia coli,E5KIY2,,Imipenem,JF714412,JF714412.2
NDM-1,Klebsiella pneumoniae,C7C422,"3S0Z, 3PG4 3Q6X, 3RKJ 3RKK 3SBL 3SFP 3SPU 3SRX 3ZR9 4EXS EXY 4EY2 4EYB 4EYF4EYL 4GYQ 4GYU 4H0D 4HL2 4HL1 4HKY",Imipenem,FN396876,FN396876.1
NDM-1,Klebsiella pneumoniae,EN9WK5,,Ertapanem,,
NDM-1,Pseudomonas aeruginosa,F6IAY7,,Imipenem,FR820590,FR820590.1
NDM-1,Citrobacter freundii,J7LFC7,,Imipenem,JX182975,JX182975.1
NDM-1,Enterobacter agglomerans,L7UUR2,,Imipenem,JX982236,JX982236.1
NDM-1,Klebsiella pneumoniae,L7URD8,,Imipenem,KC310725,KC310725.1
NDM-1,Acinetobacter lwoffii,H6VYQ1,,Imipenem,JN616388,JN616388.1
NDM-1,Pantoea ananas,L7URE8,,Imipenem,JX982237,JX982237.1
NDM-1,Acinetobacter johnsonii,M1PSP4,,Imipenem,JX441323,JX441323.1
NDM-1,Enterobacter cloacae,H6BEJ7,,Imipenem,KC149524,KC149524.1
NDM-1,Enterobacter hormaechei,M1RCY7,,Imipenem,KC404861,KC404861.1
NDM-1,Stenotrophomonas maltophila,E9RIT0,,Imipenem,AB614355,AB614355.1
NDM-1,Acinetobacter junii,E7E277,,Imipenem,HQ603057,HQ603057.1
NDM-1,Klebsiella pneumoniae,M4PS17,,Imipenem,KC537739,KC537739.1
NDM-12,Escherichia coli,A0A024FRL9,,Carbapenem,AB926431,KF361506.1
SIM-1,Acinetobacter genomosp 10,B2ZTD9,,Carbapenem,EU686387,GQ288397.1
SIM-1,Acinetobacter genomosp 3,Q32T02,,Carbapenem,AY887066,AY887066.1
SIM-1,Acinetobacter baylyi,G8E4A9,,Carbapenem,JF731030,JF731030.1
VIM-1,Klebsiella pneumoniae,Q5GN09,,Carbapenem,AY987853,AY987853.1
VIM-1,Acinetobacter baumanii,Q4F6N3,,Imipenem,EF690696,EF690696.1
VIM-1,Escherichia coli,Q8GDC1,,Carbapenem,KC417377,KC417377.1
VIM-1,Proteus mirabilis,A1E161,,Carbapenem,GU724870,GU724870.1
VIM-2,Pseudomonas aeruginosa,Q9K2N0,1KO2 1KO3,Carbapenem,AY029772,AY029772.1
VIM-2,Citrobacter freundii,K4MQM2,,Carbapenem,JX486753,JX486753.1
VIM-2,Alcaligenes xylosoxydans,Q68K11,,Imipenem,AY686225,AY686225.1
VIM-2,Pseudomonas aeruginosa,E5AXT9,,>NA,FR695888,FR695888.1
VIM-14,Pseudomonas aeruginosa,A0SWU7,,Carbapenem Ceftazidime Cefotaxime Gentamicim,EF055455,EF055455.1
VIM-33,Klebsiella pneumoniae,J7HBJ4,,Carbapenem,KC597709,KC597709.1
VIM-37,Pseudomonas aeruginosa,L7UNF1,,Carbapenem,JXN82636,JXN82636.1
VIM-38,Pseudomonas aeruginosa,M1JB36,,Carbapenem,KC469971,KC469971.1
CPHA,Aeromonas hydrophila,P26918,1X8G  1X8H  1X8I   2GKL  2QDS   3F9O  3FAI  3IOF   3IOG3SW3   3T9M,Carbapenem,X57102,X57102.1
CPHA,Aeromonas hydrophila,Q6X1Y9,,Carbapenem,AY261379,AY261379.1
CPHA,Aeromonas veronii,Q6X1Z0,,Carbapenem,AY261378,AY261378.1
CPHA,Aeromonas salmonicida,Q6X1Z2,,Carbapenem,AY261376,AY261376.1
CPHA,Aeromonas veronii,Q6X1Z1,,Carbapenem,AY261377,AY261377.1
CPHA-2,Aeromonas hydrophila,Q44079,,Carbapenem,U60294,U60294.1
CPHA-3,Achromobacter piechaudii,D4XJ83,,Carbapenem,ADMS01000125,ADMS01000125.1
CPHA-4,Aeromonas allosaccharophila,Q6XL60,,Carbapenem,AY227050,AY227050.1
CPHA-5,Aeromonas salmonicida,Q6XL59,,Carbapenem,AY227051,AY227051.1
CPHA-6,Aeromonas veronii,Q6XL58,,Carbapenem,AY227052,AAP69914.1
CPHA-7,Aeromonas jandaei,Q6XL57,,Carbapenem,AY227053,AY227053.1
CPHA-8,Aeromonas sobria,Q6X1Z3,,Carbapenem,AY261375,AY261375.1
L2,Flavobacterium meningosepticum,A4GRB7,,Carbapenem,EF394442,ABO21417.1
L2,Flavobacterium meningosepticum,Q9RB00,,Carbapenem,AF090141,AF090141.1
L2,Elizabethkingia meningoseptica,Q9K316,,Carbapenem,AF189294,AF189294.1
GOB-2,Elizabethkingia meningoseptica,Q9KJB2,,Carbapenem,AF189296,AF189296.1
GOB-3,Elizabethkingia meningoseptica,Q9KJB5,,Carbapenem,AF189291,AF189291.1
GOB-4,Elizabethkingia meningoseptica,Q9KJB3,,Carbapenem,AF189293,AF189293.1
GOB-5,Elizabethkingia meningoseptica,Q9KJB6,,Carbapenem,AF189290,AF189290.1
GOB-6,Elizabethkingia meningoseptica,Q9KJB4,,Carbapenem,AF189292,AF189292.1
GOB-7,Elizabethkingia meningoseptica,Q9KJB1,,Carbapenem,AF189297,AF189297.1
GOB-16,Flavobacterium meningosepticum,Q5EEU5,,Carbapenem,AY899331,AY899331.1
GOB-17,Flavobacterium meningosepticum,Q5EEU4,,Carbapenem,AY899332,AY899332.1
GOB-18,Flavobacterium meningosepticum,Q4JRB6,,Carbapenem,DQ004496,AAY53478.1
SMB-1,Serratia marcescens,G5ELM3,"2VPE, 2VQZ",Carbapenem, AB636283,AB636283.1
